<?xml version="1.0" encoding="UTF-8" standalone="yes"?><ns2:UploadDocumentResponse xmlns="http://schemas.datacontract.org/2004/07/XmlParamsResponseTrackId" xmlns:ns2="http://schemas.datacontract.org/2004/07/UploadDocumentResponse" xmlns:ns3="http://wcf.dian.colombia" xmlns:ns4="http://schemas.microsoft.com/2003/10/Serialization/Arrays" xmlns:ns5="http://schemas.datacontract.org/2004/07/DianResponse" xmlns:ns6="http://schemas.datacontract.org/2004/07/NumberRangeResponse" xmlns:ns7="http://schemas.datacontract.org/2004/07/DocIdentifierWithEventsResponse" xmlns:ns8="http://schemas.datacontract.org/2004/07/NumberRangeResponseList" xmlns:ns9="http://schemas.datacontract.org/2004/07/ExchangeEmailResponse" xmlns:ns10="http://schemas.datacontract.org/2004/07/EventResponse" xmlns:ns11="http://schemas.microsoft.com/2003/10/Serialization/"><ns2:ErrorMessageList><XmlParamsResponseTrackId><DocumentKey xmlns:xsi="http://www.w3.org/2001/XMLSchema-instance" xsi:nil="true"/><ProcessedMessage>Identificador del set de pruebas es obligatorio.</ProcessedMessage><SenderCode xmlns:xsi="http://www.w3.org/2001/XMLSchema-instance" xsi:nil="true"/><Success>false</Success><XmlFileName>nom08905006750072100000132.zip</XmlFileName></XmlParamsResponseTrackId></ns2:ErrorMessageList><ns2:ZipKey xmlns:xsi="http://www.w3.org/2001/XMLSchema-instance" xsi:nil="true"/></ns2:UploadDocumentResponse>